cluster_name,prompt,summary
Accessories & Cables,"
You are an expert technology reviewer.

Write a consumer buying guide between 150 and 200 words.

Category:
Accessories & Cables

Top Products:
- Fire Tablet, 7 Display, Wi-Fi, 8 GB - Includes Special Offers, Black
- Amazon 5W USB Official OEM Charger and Power Adapter for Fire Tablets and Kindle eReaders,,,
Amazon 5W USB Official OEM Charger and Power Adapter for Fire Tablets and Kindle eReaders,,,
- Amazon

Lowest Rated Product:
- Amazon

Representative Positive Reviews:
- Finally received the Kindle Lighted Leather Cover for the newest version Kindle. It is VERY lightweight and I had to double and triple check the description considering it states this is a leather cover. The front cover is very thin with a medium-weight cardboard feel to it. The leather on the front cover is extremely thin and you can immediately tell the surface will be easily scratched and marred with normal everyday use. The inside of the front cover has a thin microfiber material to protect the screen. The back cover is hollowed out plastic to form-fit your Kindle and snaps in with relative ease.Using the enclosed graphic instruction card, I removed the Kindle as shown, having to use just enough pressure to make me a bit concerned for someone who would place and remove their Kindle in this cover frequently. However, I plan on using this cover as a full-time solution for both protection and as a light source.I went ahead and pulled up a book and switched the light on, heading to a closet to see how this looked in complete darkness. The light pulls out of the back cover and is nice and stiff and has a locked full-out position. The spread of the light is greater on top obviously but it does reach the entire screen on the Kindle. There was no glare or reflection and I was able to easily read the page without any noticeable straining.If I were to choose between this design and the Kindle Keyboard lighted cover, which I have used since its release, I would choose this newer cover.Read more
- I purchased this Kindle case in the Saddle Tan color. The leather is high quality (it has that wonderful new smell as well) and has beautiful stitching around the border on the front. The case does not add any bulk to the Kindle. I find it quite comfortable to hold in one hand or two, as the front cover folds behind the case, and I truly feel like I am holding an actual book while reading.At the top of the case, there is a plastic arm that pulls upward to reveal a light, which illuminates the screen of the Kindle perfectly in a dark room. My eyes have no trouble reading with the light activated. The light is powered by the Kindle itself, by way of two metal prongs inside the case making contact with two metal tabs on the lower back of the Kindle. The arm for the light does seem a bit delicate, and I could see a young child inadvertently breaking this if care is not shown. I fear that over time, this will be the first piece to stop functioning as the case is regularly used.My only criticism of this case is that there is no way to secure the front cover from opening. It would have been nice to include a clasp, or some kind of stretchable band to keep the case closed. I paid 54 for this case, which is almost as expensive as the Kindle itself. At that price, the designers should have had the forethought to include a means of securing the case from opening. Aside from this potential problem, this Kindle case is perfect, and adds a bit of sophistication to an already awesome device.Kudos, Amazon!
- I have had the Kindle Keyboard with it's lighted cover and now I have the new Kindle with lighted cover. I will briefly compare them and then list the pros and cons of this cover.In comparison:-The kindle keyboard in the cover is much heavier than the new kindle in it's cover. The new case does a much better job of securing the kindle as well, it is no longer hinged only on one edge, but instead it is form fit inside of a rigid rubber shell that attaches to the back of the new kindle-The lighting is about the same between both cases, but where the old case lit the screen from the top right corner, the new case lights the screen from the top middle.-I feel like the old light mechanism was more durable. The light bar on this cover is made out of very stiff, thin plastic instead of the thick rubbery plastic that contained the light on the old cover. It also hinges open instead of pulling out of the case, and the hinge feels subpar.-The light on the new case is less angled and tends to get in my eyes more when reading than the old kindle keyboard case did.All in all I still like the new case. It fits the new kindle very well and does not increase the size or weight very much. The leather is somewhat thin but not horribly so and it looks sleek on the kindle. I will be keeping this case.Pros:Compact case that looks very sleekTight and secure fitUses the Kindle's batteries so no additional power is needed.Provides adequate lighting across the entire screen.Cons:Lightbar hinge seems very cheap.Since I only received this today, I cannot yet evaluate the additional drain that this case will place on the Kindle's battery.Read more
- I read every single review for this cover before I decided to buy it, but I am glad that I finally decided to pull the trigger. I have never had a Kindle or another cover, so my review is based on a first-timer's perspective. This is my feedback:1) I agree that this cover is expensive. Ridiculously expensive. But, after pricing other covers and other lights, then factoring in that I would have to buy replacement batteries for any other light, it did not seem like I would be saving much money if I bought something else. Plus, the fact that the light is built-in was very appealing and turns out to be extremely convenient.2) Yes, the cover should have had a magnet or something for closure. That was the main reason for my initial hesitation, not the price. I thought about using a rubber band around it, but some people mentioned that a rubber band would look ugly around the pretty cover (which, by the way, is quite pretty in the wine purple color). I ended up knitting a small little sleeve to slip over my Kindle cover to keep the cover closed, for additional protection, and to prevent scratches, because:3) The cover does scratch quite easily. I agree with one reviewer who did not seem to mind the scratches on the cover, because doesn't that show that the cover is doing its job to protect the Kindle But, it does sound like the same cover for the Kindle Keyboard was much more durable. It would be nice for the cover to keep looking fresh and new, but I would rather my Kindle be protected than for my cover to look perfect. My little knitted sleeve is helping with that, but I know a lot of people wouldn't want to use an additional cover.4) Some people commented that the cover added too much to the size and weight of the Kindle. ReallyRead more
- Bought to use with Kindle. Works fine! Good quality and charges the kindle quickly.

Representative Negative Reviews:
- Most buyers will have a phone or other charger that will work so you probably don't need to buy this.
- cheap - need to constantly make sure plugged in - slightly too small - saved some bucks there - not amazon quality
- If you actually paid 20 for this adapter, you're out of your mind.
- This is the THIRD power charger that I have HAD to buy at cost of over 30 each since my Kindle Fire purchase. Why can't the chargers last a REASONABLE amount of time When I connected this charger, I received a message saying that it was a LOW level charger it probably would not charge while the Kindle was in use. NOT ACCEPTABLE for this cost!!!
- I wish this came in white to match my Kindle Paperwhite

Instructions:

• Write complete sentences.

• Do NOT copy review text.

• Summarize the customer opinions.

• Explain why the top products stand out.

• Mention the most common complaints.

• Explain why the lowest-rated product should be avoided.

Use the following structure:

Title

Overview

Top Recommendations

Common Complaints

Buying Recommendation

Write in a professional and neutral tone.
",Kindle
"Echo, Fire TV & Smart Home","
You are an expert technology reviewer.

Write a consumer buying guide between 150 and 200 words.

Category:
Echo, Fire TV & Smart Home

Top Products:
- Amazon Fire Tv
- Echo (White),,,
Echo (White),,,
- Fire Tablet, 7 Display, Wi-Fi, 8 GB - Includes Special Offers, Black

Lowest Rated Product:
- Amazon Echo

Representative Positive Reviews:
- I am not a casual user of on-demand content and devices. Having tried smart tv's from 3 brands, smart dvd/bluray players, Apple TV, WDTV, HTPC, Chromecast and too many other competing products to mention--for streaming content, before this box you really had two options (for a simple to use box that doesn't require additional items or tweaking):First is Apple TV which is easy to use (interface) but Apple limits the content you can get greatly (including no Prime Streaming built in) and it lacks a lot in features as well and is slow. The reason for selecting Apple TV is if you have other apple products that unlock features (like Amazon's content).The second option you could consider was Roku--which really means a Roku 3 box since it is heads and tails better than past Roku boxes in terms of remote and speed. Now Roku stands out with the most content and the most features of any box with the Roku 3. It is for that reason you will see me address the Roku 3 so often in this review.I have added quick summaries of other options to make sure everyone knows about the other options out there.WDTV: Are great for streaming your own content but not very user friendly.Chromecast: Is very cheap at 35 but requires other items to use (no remote included!), is limited to 16 channels according to their own site with other content broadcast via Chrome's browser not at the same quality level. This does allow you to browse the internet on your tv and is amazing for the cost but is more of a niche market than FireTV/Roku/Apple TV. But if you can live with the short comings, it is worth a look at 1/3 the price of these devices.Smart TVs: Most of these are FINE for occasional use but not nearly as pleasant to use daily like separate boxes.Read more
- I was fortunate to order one of these as soon as it was announced. As an Amazon Prime member, I was able to buy the Fire TV Stick for 19 during a two day sale. I figured, for that price, I might as well test it out!Set up was easy and straight forward. I find that the interface is quick and easy to use. The interface and streaming on the Stick is much faster than the Amazon app built into my HDTV. This fact alone made this a great purchase. Here are some more thoughts I have on the Fire TV Stick so far: PROS:- Quick, easy to use, polished interface- Wireless streaming works really well- Amazon Instant video loads, fast forwards, and rewinds really fast- A dedicated Prime Menu allows Prime members to easily see what free content is available- Unlike Chromecast, the Fire TV Stick includes a remote- Can stream your own videos by first uploading them to your cloud disk- Can play quite a few casual games- Awesome, irresistible price for Amazon Prime users. I got it for 19 during the two day sale.- Better specs than Chromecast and Roku Stick- Ultraportable. I plan to use Fire TV Stick when I travel for work and to visit family- Stream local videos and other content using the Plex app http://www.amazon.com/Plex-Inc/dp/B004Y1WCDE/ (Thanks BikeRider!) CONS:- Included remote doesn't support voice search. That remote costs extra. Would be nice to have a second Fire TV Stick model that includes the voice search remote, rather can requiring us to buy a second remote.- Probably won't be able to use universal remotes with this unless Logitech offers a compatible device.- Not as fast as Fire TV, but since the Stick is so much cheaper, this is not really an issue.Read more
- Since the Fire TV stick was announced, I've heard a lot of people wonder if it was something worth picking up, essentially asking what does this thing do that my TV doesn't do already The answer is going to be different for different people, but here's an easy way to think about it Amazon Fire TV Stick is an excellent purchase if:-Your TV is not a smart TV. Meaning your TV or dvd player did not come pre-loaded with apps such as Netflix, Youtube, Pandora etc...-Your TV is a smart TV, but apps do not perform well. Some smart TVs have painful performance when streaming video, apps can be difficult to update, wifi connection can be spotty etc...-You want to access Youtube, Netflix, Amazon Prime, Pandora, and other such apps on your TV-You are an Amazon Prime Member and want to access your Prime Video, Prime Music, and Prime Photo accounts-You want to participate in casual gaming on your television.-You want to listen to music on your TV-You want to have portability. In other words, Television access to the above services while you are travelling. (Amazon says the capability to use in hotels/dorms etc... with shared wifi that requires frequent password entry is coming soon)So, the bottom line is that the Fire TV Stick allows you to access your movies, music and photos as well as games and more via your television. If your TV already does these things well, or you're already doing them via other devices such as a game console, then this may not be worth your while.So, how easy is it to use I'm telling you, you do not have to have an ounce of technological know how to have this thing up and running in a matter of minutes.Read more
- UPDATE! 11/11/15: More than a year now of using the stick literally every single evening for netflix, and it has been overall very reliable.Bottom line This is the best streaming device for the dollar(In my humble opinion) It's cheap, it handles netflix/prime/hboGo/plex/games/a lot more doesn't seem much slower than the full firetv box. I started with a Roku2 in the living room which got pushed to the bedroom when i got the firetv box, then the firetv stick replaced the roku2. I tried the roku stick but returned it because it was just too darn slow. I'm completely firetv now and 100 happy with it..What it does: It adds internet/streaming functionality to any tv/monitor with an HDMI port. You can use any of the thousands of paid and/or free apps such as netflix, amazon prime, hulu, plex, news, digital fireplace, etc... There's a ton you can do. With some extra effort you can sideload things like Kodi and 3rd party apps. It's super simple to use, and the image quality can be great if your internet connection is fast.The Good stuff...-Same pricerange as the less capable/less powered Chromecast Roku stick-More ram/memory than the competition(keeps things running smooth)-More storage space than the competition, you can store more apps/games/etc..-You can do some gaming with it, but the firetv box is better suited-So small you can bring it pretty much anywhere with ease.-Simple clean interface.-Lots of games/apps to choose from-The phone app is actually pretty usefulNot as good stuff...-No connections other than usb for power, if you need ethernet/audio in/out, get the box!Read more
- I initially had trouble deciding between the paperwhite and the voyage because reviews more or less said the same thing: the paperwhite is great, but if you have spending money, go for the voyage.Fortunately, I had friends who owned each, so I ended up buying the paperwhite on this basis: both models now have 300 ppi, so the 80 dollar jump turns out pricey the voyage's page press isn't always sensitive, and if you are fine with a specific setting, you don't need auto light adjustment).It's been a week and I am loving my paperwhite, no regrets! The touch screen is receptive and easy to use, and I keep the light at a specific setting regardless of the time of day. (In any case, it's not hard to change the setting either, as you'll only be changing the light level at a certain time of day, not every now and then while reading).Also glad that I went for the international shipping option with Amazon. Extra expense, but delivery was on time, with tracking, and I didnt need to worry about customs, which I may have if I used a third party shipping service.

Representative Negative Reviews:
- Stay away from the certified refurbished Amazon Fire TV. I received two Certified Refurbished defective fire TVs. The first the screen looked half corrupted, see the pictures. The second Certified Refurbished Amazon fire tv I received would not boot up, it was stuck in an infinite loop where I would only see the amazon logo for 10 seconds then it would boot up again.If anything, Amazon needs to re-visit its refurbishment process and quality control of the refurbished products they let get in consumer hands.Update 11/28/16: I purchased a new Fire TV during the BF sale and I have had no issues so far :).
- I bought this thinking since we'd bought several other refurbished things that worked, that it would be okay. The box never booted properly so the only thing we could stare at was the Amazon logo and the words Unknown Boot in the corner. Customer Service tried to help with the box but we couldn't get it to trouble shoot. Sending this box back.
- Certified garbage! Lesson learned about paying attention to reviews. Fire TV box and remote was packaged like new, even included new batteries. After plugging it in it would only show Amazon logo and 'unknown boot' on screen. Cycled power several times and even tried to reset using remote buttons, no dice. I read all the negative reviews before I purchased this, I chose to take the chance so I'm angry with myself, but very disappointed with Amazon for even suggesting this is refurbished, let alone certified, as if that means something.
- I bought this thing refurbished. I find that I have to unplug / plug back in the HDMI cable on a regular basis when switching inputs on the TV. Not sure if it is the Amazon Fire box itself or if it is the TV (Not likely).Otherwise it is a good device. I bought it for the ability to hard wire my Ethernet connection to my gigabit switch and for 4K capabilities which it does do. Having the Alexa app is handy but her features can be severely handicapped.I probably should have just bought it new..... usually refurbished devices work well as they are tested before resale and it was probably tough to catch that the HDMI port on these might be finicky. I may have to switch it out.
- Bought this item with high expectations of its capabilities. It would be extremely lenghty to supply full details, let me just say that technology is not there yet with AI devices like this....

Instructions:

• Write complete sentences.

• Do NOT copy review text.

• Summarize the customer opinions.

• Explain why the top products stand out.

• Mention the most common complaints.

• Explain why the lowest-rated product should be avoided.

Use the following structure:

Title

Overview

Top Recommendations

Common Complaints

Buying Recommendation

Write in a professional and neutral tone.
","Amazon Echo Offers Great Product - Kindle Fire, Echo (White), Fire Tablet, Wi-Fi, 8GB - Reviews - Kindle Fire - Fire Tablet, 7 Display, Wi-Fi, 8 GB - Includes Special Offers - Amazon Echo Resists - Average price - Kindle Fire - Kindle Fire Tablet, 7 Display, Wi-Fi, 8 GB - Reviews - Alexa - Amazon Echo Experience Positive Reviews - Kindle Fire - Alexa - Amazon Echo Power-Tv - Kindle Fire Tablet, 7 Display, Wi-Fi, 8 GB - Includes Special Offers - Amazon Echo Reply Positive Reviews - Kindle Fire - Kindle Fire Tv - Echo (White), Kindle Fire Tv - Echo (White),"
Fire Tablets,"
You are an expert technology reviewer.

Write a consumer buying guide between 150 and 200 words.

Category:
Fire Tablets

Top Products:
- Fire Tablet, 7 Display, Wi-Fi, 8 GB - Includes Special Offers, Black
- All-New Fire HD 8 Tablet, 8 HD Display, Wi-Fi, 32 GB - Includes Special Offers, Magenta
- All-New Fire HD 8 Tablet, 8 HD Display, Wi-Fi, 16 GB - Includes Special Offers, Magenta

Lowest Rated Product:
- Echo (White),,,
Echo (White),,,

Representative Positive Reviews:
- This product so far has not disappointed. My children love to use it and I like the ability to monitor control what content they see with ease.
- great for beginner or experienced person. Bought as a gift and she loves it
- Inexpensive tablet for him to use and learn on, step up from the NABI. He was thrilled with it, learn how to Skype on it already...
- I've had my Fire HD 8 two weeks now and I love it. This tablet is a great value.We are Prime Members and that is where this tablet SHINES. I love being able to easily access all of the Prime content as well as movies you can download and watch laterThis has a 1280/800 screen which has some really nice look to it its nice and crisp and very bright infact it is brighter then the ipad pro costing $900 base model. The build on this fire is INSANELY AWESOME running at only 7.7mm thick and the smooth glossy feel on the back it is really amazing to hold its like the futuristic tab in ur hands.
- I bought this for my grand daughter when she comes over to visit. I set it up with her as the user, entered her age and name and now Amazon makes sure that she only accesses sites and content that are appropriate to her age. Simple to do and she loves the capabilities. I also bought and installed a 64gig SD card which gives this little tablet plenty of storage. For the price I think this tablet is best one out there. You can spend hundreds of dollars more for additional speed and capacity but when it comes to the basics this tablets does everything that most people will ever need at a fraction of the cost.

Representative Negative Reviews:
- Didn't have some of the features I was looking for. Returned it the next day. May be good for others
- i Bought this around black friday for $60 hoping it would be awesome... it failed so hard i tried multiple different micro SD cards none of which were recognized and YES i formated them with every format i could think of ... Fat32, NTFS, Fat, Xfat... i even tried to have the tablet do it... didnt work... to make matters worse half the apps i wanted to use werent in the app store and i came to find out that it isnt linked to the normal google play store this tablet has its own app store which is missing many common apps... the main reason i bought this was to play clash of clans and i cant because it wasnt on the app store... i tried to also use aftermarket play stores to play COC but it didnt work... launched and played 1 time but didnt work or update after that... needless to say i returned it and bought a $250 samsung galaxy tab A 10.1 (2016 version) with S-pen and its WAYYYYY better... bottom line you get what you pay for... also hint the s-pen version has an extra 1 GB of ram over the non pen version... so you should get that if you can afford the extra $50...
- I bought this tablet for my 4 year old daughter. Too many advertisements. I would rather pay more and not have a single ad.
- Didn't want to go to the sites amazon wanted me to.
- Not a good product short battery life i can only use for 20 minutes

Instructions:

• Write complete sentences.

• Do NOT copy review text.

• Summarize the customer opinions.

• Explain why the top products stand out.

• Mention the most common complaints.

• Explain why the lowest-rated product should be avoided.

Use the following structure:

Title

Overview

Top Recommendations

Common Complaints

Buying Recommendation

Write in a professional and neutral tone.
",This product so far has not disappointed. My children love to use it and I like the ability to monitor control what content they see with ease.
Kindle E-Readers,"
You are an expert technology reviewer.

Write a consumer buying guide between 150 and 200 words.

Category:
Kindle E-Readers

Top Products:
- Brand New Amazon Kindle Fire 16gb 7 Ips Display Tablet Wifi 16 Gb Blue,,,
- Amazon Kindle Paperwhite - eBook reader - 4 GB - 6 monochrome Paperwhite - touchscreen - Wi-Fi - black,,,
- Kindle Voyage E-reader, 6 High-Resolution Display (300 ppi) with Adaptive Built-in Light, PagePress Sensors, Wi-Fi - Includes Special Offers,

Lowest Rated Product:
- Amazon Kindle Fire Hd (3rd Generation) 8gb,,,
Amazon Kindle Fire Hd (3rd Generation) 8gb,,,

Representative Positive Reviews:
- Very lightweight and portable with excellent battery life.
- I like this so much more than the Voyage. The shape makes for easier holding. I only wish this devise was maybe 2 inches taller then it would look like a real book
- Replacing older reader without a light and traveling overseas soon. With electronics in the cabin under scrutiny, this very small and very lightweight reader fits the bill! Perfect in small purses and large pockets. I can read without annoying seatmate with cabin overhead seat light. Easy to hold in either hand and screen adjusts for whichever direction you're holding it.
- This is my first e-reader. I didn't know about the odd refresh and it took a little while to get used to but I do love how small and light it is and that I do not have to remember to plug it in everyday
- This kindle is awesome. I love the design of it. Nothing software wise that was different than my other kindle but the way it's designed makes it much more comfortable and easier to read. The only reason I didn't give it five stars was because of the price. If it were cheaper, this kindle would have been five stars no doubt.

Representative Negative Reviews:
- This is not an upgrade by any means! My three year old kindle outperformed Oasis.Battery life better than a week with the lights on lowest setting Magnetic connector is poorly designed and grows weak Two pieces to keep up with; unsnaps constantly Amazon Customer Services promises it will resolved in an update
- Easy to carry in purse or pocket but doesn't do anything better than the cheapest Kindle reader.
- Am used to Kindle Fire which I love. No light to read by in the dark. Hard to navigate. This was a gift - would never purchase on my own.
- The screen is too dark, and cannot adjust the brightness
- 1st kindle screen failed & had to reboot often. Customer Service couldn't fix. Replaced. 2nd one screen reboots often. Customer service offered replace. Just want one that works. Can't get upgrade replacement

Instructions:

• Write complete sentences.

• Do NOT copy review text.

• Summarize the customer opinions.

• Explain why the top products stand out.

• Mention the most common complaints.

• Explain why the lowest-rated product should be avoided.

Use the following structure:

Title

Overview

Top Recommendations

Common Complaints

Buying Recommendation

Write in a professional and neutral tone.
","Kindle-like design...not a real book... Kindle Voyage, Kindle Paperwhite Kindle Fire, Kindle Paperwhite Kindle Fire, Kindle Paperwhite Kindle Paperwhite Kindle Paperwhite Kindle Pocket Edition"
